Workbook

Sheet Инструкция
A1: Параметр | B1: Значение
A2: Должность | B2: QA Engineer | Web, Mobile, API (Middle / Senior / Lead)
A3: Длительность | B3: ~90 минут
A4: Максимум баллов | B4: 100 (+ практика граничных — опционально 10)
A5: Strong hire (Lead) | B5: 85–100 + пороги Lead
A6: Hire (Senior) | B6: 70–84
A7: Hire с оговорками | B7: 55–69
A8: No hire | B8: < 55
A10: Шкала за вопрос (макс. 3) | B10: 0 — нет ответа; 1 — с подсказками; 2 — верно с пробелами; 3 — полный + пример
A11: Подсказки | B11: После 2-й подсказки максимум 1 балл на вопрос
A12: Штрафы | B12: До −10 (лист «Штрафы»)
A13: Lead-пороги | B13: API ≥10/14; Процессы ≥9/12; Кейс ≥18/24
... A16: Файлы | B16: Листы: Вопросы, Кейсы, Граничные, Штрафы, Сводка, Карточка кандидата

Sheet Вопросы
A1: ID | B1: Блок | C1: Вопрос | D1: Макс. | E1: Балл | F1: 3 балла (эталон) | G1: 2 балла | H1: 1 балл | I1: 0 баллов | J1: Подсказки | K1: Комментарий
A2: 1.1 | B2: 1. Теория | C2: Smoke / sanity / регресс / re-test — отличия и когда применять | D2: 3 | F2: Чёткие определения + пример из релиза/e-com | G2: Верно, без примера | H2: Путает 2 вида | I2: Не различает
A3: 1.2 | B3: 1. Теория | C3: Техники тест-дизайна + пример для REST endpoint | D3: 3 | F3: ≥3 техники + конкретные данные (limit, auth, пагинация) | G3: 2 техники | H3: Только границы | I3: Не называет
A4: 1.3 | B4: 1. Теория | C4: Как тестируете требования до разработки? | D4: 3 | F4: AC, негатив, NFR, аналитика, Figma, вопросы на груминге | G4: Читает ТЗ | H4: Общие слова | I4: Не делает review
A5: 2.1 | B5: 2. Web | C5: DevTools при баге на UI — что смотрите? | D5: 2 | F5: Network + Console + сравнение со Swagger | G5: Только Network | H5: — | I5: Не знает
A6: 2.2 | B6: 2. Web | C6: Кэш / устаревшие данные на UI | D6: 2 | F6: Headers, hard refresh, API/SQL сверка | G6: Только Ctrl+F5 | H6: — | I6: —
A7: 3.1 | B7: 3. Mobile | C7: Чем mobile отличается от web? | D7: 3 | F7: lifecycle, push, offline, OS, store, deep links | G7: 3–4 пункта | H7: 2 пункта | I7: Общие слова
A8: 3.2 | B8: 3. Mobile | C8: Charles / Proxyman — зачем и как? | D8: 3 | F8: перехват, mock, pinning, retry, WebSocket | G8: Смотрю запросы | H8: Не пользовался | I8: —
A9: 3.3 | B9: 3. Mobile | C9: Регресс перед релизом мобильного приложения | D9: 4 | F9: матрица устройств, build, go/no-go, метрики | G9: Чек-лист без критериев | H9: Нет процесса | I9: —
A10: 4.1 | B10: 4. API | C10: REST: что проверяете помимо 200? | D10: 4 | F10: ≥5 кодов + валидация + пагинация + auth | G10: 3–4 кода | H10: Только 404 | I10: —
A11: 4.2 | B11: 4. API | C11: Тестирование через Kafka | D11: 5 | F11: event→эффект; дубликаты; DLQ; trace-id | G11: Отправка в топик | H11: Не знает Kafka | I11: —
A12: 4.3 | B12: 4. API | C12: Локализация бага: фронт / API / сервис | D12: 5 | F12: Postman изоляция + логи + SQL + порядок шагов | G12: 2 из 3 | H12: Угадывает | I12: —
A13: 5.1 | B13: 5. SQL | C13: Зачем QA SQL в микросервисах? | D13: 2 | F13: side-effects, данные, расследование, read-only prod | G13: Частично | H13: — | I13: Не нужен SQL
... A21: 8.1 | B21: 8. Python | C21: Где используете Python в QA? | D21: 4 | F21: API checks, данные, логи; ROI автоматизации | G21: писал немного | H21: — | I21: нет опыта
A23: ИТОГО вопросы | D23: =SUM(D2:D21) | E23: =SUM(E2:E21)

Sheet Кейсы
A1: Кейс | B1: Критерий | C1: Макс. | D1: Балл | E1: 6 баллов | F1: 3 балла | G1: 0 баллов | H1: Комментарий
A2: Выберите ОДИН кейс: A или B
A3: A. E-com подписка | B3: A1. План расследования | C3: 6 | E3: repro → id → время → окружение → артефакты | F3: Неполный план / 2–3 проверки / 1 гипотеза / баг без severity | G3: Только UI / переустановка / неверная локализация
A4: A. E-com подписка | B4: A2. Инструменты (API/SQL/Kafka/логи) | C4: 6 | E4: API + SQL + Kafka + OpenSearch + Network | F4: Неполный план / 2–3 проверки / 1 гипотеза / баг без severity | G4: Только UI / переустановка / неверная локализация
A5: A. E-com подписка | B5: A3. Гипотезы (≥3) | C5: 6 | E5: race, mapper, cron, TZ, идемпотентность | F5: Неполный план / 2–3 проверки / 1 гипотеза / баг без severity | G5: Только UI / переустановка / неверная локализация
A6: A. E-com подписка | B6: A4. Баг-репорт и риски релиза | C6: 6 | E6: Critical/High, блокер hotfix, риск «деньги без услуги» | F6: Неполный план / 2–3 проверки / 1 гипотеза / баг без severity | G6: Только UI / переустановка / неверная локализация
A7: B. Mobile сообщение | B7: B1. Стратегия (не гадать) | C7: 6 | E7: проверка message_id в API для B | F7: Неполный план / 2–3 проверки / 1 гипотеза / баг без severity | G7: Только UI / переустановка / неверная локализация
A8: B. Mobile сообщение | B8: B2. Матрица тестов | C8: 6 | E8: другой клиент, аккаунт, сеть, версия, Web | F8: Неполный план / 2–3 проверки / 1 гипотеза / баг без severity | G8: Только UI / переустановка / неверная локализация
A9: B. Mobile сообщение | B9: B3. Sync / push | C9: 6 | E9: sync cursor, websocket, push token, ordering | F9: Неполный план / 2–3 проверки / 1 гипотеза / баг без severity | G9: Только UI / переустановка / неверная локализация
A10: B. Mobile сообщение | B10: B4. Регресс после фикса | C10: 6 | E10: ≥5 сценариев: фон, offline, файлы, порядок, badge | F10: Неполный план / 2–3 проверки / 1 гипотеза / баг без severity | G10: Только UI / переустановка / неверная локализация
A12: ИТОГО кейс (оцените 4 строки выбранного кейса A или B) | C12: 24 | D12: =MAX(SUM(D3:D6),SUM(D7:D10))

Sheet Граничные
A1: ID | B1: Зона | C1: Граничная проверка | D1: Макс. | E1: Балл | F1: Эталон (ожидание) | G1: Комментарий
A2: G-01 | B2: URL/локаль | C2: /ru vs /ru/, несуществующая локаль /xx | D2: 1 | E2: Редирект или 404 по ТЗ, без циклов
A3: G-02 | B3: URL/локаль | C3: Конфликт URL /en и localStorage f2f_language=ru | D3: 1 | E3: Приоритет зафиксирован, нет смешения языков
A4: G-03 | B4: Cookie | C4: Первый визит / accept / инкогнито | D4: 1 | E4: Баннер и скрытие после accept
A5: G-04 | B5: Hero | C5: iOS video playsinline, Slow 3G, autoplay off | D5: 1 | E5: CTA доступен, layout не ломается
A6: G-05 | B6: Ивенты | C6: Слайдер: 1 карточка, быстрые клики стрелок | D6: 1 | E6: Стрелки disabled, нет гонки
A7: G-06 | B7: FAQ | C7: «Открыть все» → вопрос про античит | D7: 2 | E7: Пустой ответ = баг Major
A8: G-07 | B8: Footer | C8: PDF RU/EN по data-lang, пробелы в имени файла | D8: 1 | E8: 200, верные документы на локали
A9: G-08 | B9: SEO | C9: og:url, og:image SVG, шаринг в Telegram | D9: 1 | E9: Кандидат называет риски превью
A10: G-09 | B10: Ссылки | C10: app.f2f.vin недоступен, target=_blank + noopener | D10: 1 | E10: Лендинг не падает, безопасность
A11: G-10 | B11: a11y | C11: Tab-навигация, FAQ без мыши | D11: 1 | E11: Фокус и раскрытие FAQ
A13: ИТОГО граничные (опционально) | C13: =SUM(C2:C11) | D13: =SUM(E2:E11)

Sheet Штрафы
A1: ID | B1: Условие | C1: Штраф | D1: Применён (да/нет) | E1: Балл
A2: P-01 | B2: Путает регресс и re-test после пояснения | C2: -3 | E2: =IF(D2="да",C2,0)
A3: P-02 | B3: Не объясняет 401 / 403 / 404 | C3: -3 | E3: =IF(D3="да",C3,0)
A4: P-03 | B4: Отрицает SQL на микросервисах без аргументов | C4: -2 | E4: =IF(D4="да",C4,0)
A5: P-04 | B5: Blame-only (только вина разработчиков) | C5: -2 | E5: =IF(D5="да",C5,0)
A6: P-05 | B6: 5+ лет опыта, нет ни одного примера из практики | C6: -2 | E6: =IF(D6="да",C6,0)
B8: СУММА штрафов (не ниже -10) | E8: =MAX(-10,SUM(E2:E6))

Sheet Сводка
A1: Блок
A2: 1. Теория | B2: 12 | C2: =SUMIF(Вопросы!B:B,"1. Теория",Вопросы!E:E)
A3: 2. Web | B3: 8 | C3: =SUMIF(Вопросы!B:B,"2. Web",Вопросы!E:E)
A4: 3. Mobile | B4: 10 | C4: =SUMIF(Вопросы!B:B,"3. Mobile",Вопросы!E:E)
A5: 4. API | B5: 14 | C5: =SUMIF(Вопросы!B:B,"4. API",Вопросы!E:E)
A6: 5. SQL | B6: 8 | C6: =SUMIF(Вопросы!B:B,"5. SQL",Вопросы!E:E)
A7: 6. Логи/NFR | B7: 8 | C7: =SUMIF(Вопросы!B:B,"6. Логи/NFR",Вопросы!E:E)
A8: 7. Процессы+Lead | B8: 12 | C8: =SUMIF(Вопросы!B:B,"7. Процессы",Вопросы!E:E)+SUMIF(Вопросы!B:B,"7. Lead",Вопросы!E:E)
A9: 8. Python | B9: 4 | C9: =SUMIF(Вопросы!B:B,"8. Python",Вопросы!E:E)
A10: 9. Практический кейс | B10: 24 | C10: =Кейсы!D12
A11: 10. Граничные (опц.) | B11: 11 | C11: =Граничные!D13
A12: Штрафы | B12: -10 | C12: =Штрафы!E8
A15: ИТОГО (основная шкала 100) | B15: 100 | C15: =SUM(C2:C10)+C12
A17: Решение | C17: =IF(C15>=85,"Strong hire (Lead)",IF(C15>=70,"Hire (Senior)",IF(C15>=55,"Hire с оговорками","No hire")))
A18: Lead: API ≥10/14 | C18: =IF(SUMIF(Вопросы!B:B,"4. API",Вопросы!E:E)>=10,"OK","FAIL")
A19: Lead: Процессы ≥9/12 | C19: =IF((SUMIF(Вопросы!B:B,"7. Процессы",Вопросы!E:E)+SUMIF(Вопросы!B:B,"7. Lead",Вопросы!E:E))>=9,"OK","FAIL")
A20: Lead: Кейс ≥18/24 | C20: =IF(Кейсы!D12>=18,"OK","FAIL")
A21: Lead итог | C21: =IF(AND(C18="OK",C19="OK",C20="OK"),"Strong hire возможен","Макс. Senior")
A23: Граничные: отдельная оценка /10 | C23: =IF(Граничные!C13=0,0,Граничные!D13/Граничные!C13*10)
A24: Граничные: вердикт | C24: =IF(C23>=8,"Strong",IF(C23>=5,"OK","Weak"))

Sheet Карточка кандидата
A1: Поле | B1: Значение | C1: Поле | D1: Значение
A2: ФИО кандидата | C2: Дата
A3: Позиция | B3: Senior / Lead / Middle | C3: Интервьюер
A4: Опыт (лет) | C4: Проект/контекст | D4: F2F / общий QA
A5: Кейс на интервью | B5: A — E-com / B — Mobile | C5: Граничные | D5: Да / Нет
A7: Итоговый балл (/100) | B7: =Сводка!C15 | C7: Решение | D7: =Сводка!C17
A8: Lead-пороги | B8: =Сводка!C21 | C8: Граничные /10 | D8: =Сводка!C23
A10: Сильные стороны
A12: Зоны роста
A14: Рекомендация
