Workbook

Sheet Параметры
A1: Параметр | B1: Значение | C1: Комментарий
A2: Число сервисов в релизе (N) | B2: 10 | C2: Число сервисов в релизе (список сервисов пока не задан — подставить)
A3: Плановых релизов в год | B3: 12 | C3: Плановых релизов в год (Политика: до 3 в квартал)
A4: Hotfix в год | B4: 4 | C4: Hotfix в год (допущение)
A5: Доля фиксированной части для hotfix | B5: 0.5 | C5: Доля фиксированной части шага для hotfix (допущение); сервисная часть — на 1 сервис
A6: Доля релизов с ПСИ | B6: 0.5 | C6: Доля релизов, где нужен ПСИ (допущение)
A7: Доля релизов с ПТЗ | B7: 0.5 | C7: Доля релизов, где нужен ПТЗ (допущение)
A8: Рабочих часов в день | B8: 8 | C8: Рабочих часов в день
A9: Рабочих дней в году | B9: 247 | C9: Рабочих дней в году (уточнить по производственному календарю)
A10: Плановая загрузка роли | B10: 0.8 | C10: Плановая загрузка роли (Менеджмент команд: 80 %)
A11: Часов на 1 FTE в год с учётом загрузки | B11: =H_DAY*D_YEAR*LOAD -> 1580.8 | C11: Знаменатель FTE = рабочие часы года × плановая загрузка (80 % по «Менеджменту команд»)
A12: Часов в году на 1 FTE (полная занятость) | B12: =H_DAY*D_YEAR -> 1976 | C12: Используется для стоимости текущего списания «1 FTE на проект»
A14: Жёлтые ячейки — входные данные. Часы по шагам — стартовые экспертные допущения: заменить фактом списаний по задачам шагов в Jira.

Sheet ТРЗ по шагам
A1: ID шага | B1: Шаг | C1: Роль (код) | D1: Роль | E1: F: часов на релиз (фикс.) | F1: S: часов на 1 сервис | G1: Условие (1 / psi / ptz) | H1: k (вероятность) | I1: Часов на релиз | J1: Часов на hotfix | K1: Часов в год
A2: 0.1 | B2: Сбор релизного тикета: состав Fix Version | C2: RO | D2: Release owner / РП | E2: 6 | F2: 0.25 | G2: 1 | H2: =IF(G2="psi",P_PSI,IF(G2="ptz",P_PTZ,1)) -> 1 | I2: =(E2+F2*N_SVC)*H2 -> 8.5 | J2: =(E2*HF_F+F2)*H2 -> 3.25 | K2: =I2*REL_YEAR+J2*HF_YEAR -> 115
A3: 0.2 | B3: Релизная ветка сервиса (начало спринта, от master) | C3: РИ | D3: Релиз-инженер НЕДРА | E3: 1 | F3: 0.5 | G3: 1 | H3: =IF(G3="psi",P_PSI,IF(G3="ptz",P_PTZ,1)) -> 1 | I3: =(E3+F3*N_SVC)*H3 -> 6 | J3: =(E3*HF_F+F3)*H3 -> 1 | K3: =I3*REL_YEAR+J3*HF_YEAR -> 76
A4: 0.2 | B4: Релизная ветка сервиса (начало спринта, от master) | C4: DEV | D4: Мейнтейнеры сервисов (релизные работы) | E4: 0 | F4: 0.5 | G4: 1 | H4: =IF(G4="psi",P_PSI,IF(G4="ptz",P_PTZ,1)) -> 1 | I4: =(E4+F4*N_SVC)*H4 -> 5 | J4: =(E4*HF_F+F4)*H4 -> 0.5 | K4: =I4*REL_YEAR+J4*HF_YEAR -> 62
A5: 0.3 | B5: ПСИ / ПТЗ нужны? | C5: RO | D5: Release owner / РП | E5: 1 | F5: 0 | G5: 1 | H5: =IF(G5="psi",P_PSI,IF(G5="ptz",P_PTZ,1)) -> 1 | I5: =(E5+F5*N_SVC)*H5 -> 1 | J5: =(E5*HF_F+F5)*H5 -> 0.5 | K5: =I5*REL_YEAR+J5*HF_YEAR -> 14
A6: 0.3 | B6: ПСИ / ПТЗ нужны? | C6: РИ | D6: Релиз-инженер НЕДРА | E6: 0.5 | F6: 0 | G6: 1 | H6: =IF(G6="psi",P_PSI,IF(G6="ptz",P_PTZ,1)) -> 1 | I6: =(E6+F6*N_SVC)*H6 -> 0.5 | J6: =(E6*HF_F+F6)*H6 -> 0.25 | K6: =I6*REL_YEAR+J6*HF_YEAR -> 7
A7: 1.1 | B7: Слияние PR по задачам Fix Version | C7: РИ | D7: Релиз-инженер НЕДРА | E7: 4 | F7: 0.5 | G7: 1 | H7: =IF(G7="psi",P_PSI,IF(G7="ptz",P_PTZ,1)) -> 1 | I7: =(E7+F7*N_SVC)*H7 -> 9 | J7: =(E7*HF_F+F7)*H7 -> 2.5 | K7: =I7*REL_YEAR+J7*HF_YEAR -> 118
A8: 1.1 | B8: Слияние PR по задачам Fix Version | C8: DEV | D8: Мейнтейнеры сервисов (релизные работы) | E8: 0 | F8: 4 | G8: 1 | H8: =IF(G8="psi",P_PSI,IF(G8="ptz",P_PTZ,1)) -> 1 | I8: =(E8+F8*N_SVC)*H8 -> 40 | J8: =(E8*HF_F+F8)*H8 -> 4 | K8: =I8*REL_YEAR+J8*HF_YEAR -> 496
A9: 1.2 | B9: Scope freeze | C9: RO | D9: Release owner / РП | E9: 2 | F9: 0.1 | G9: 1 | H9: =IF(G9="psi",P_PSI,IF(G9="ptz",P_PTZ,1)) -> 1 | I9: =(E9+F9*N_SVC)*H9 -> 3 | J9: =(E9*HF_F+F9)*H9 -> 1.1 | K9: =I9*REL_YEAR+J9*HF_YEAR -> 40.4
A10: 1.3 | B10: Фича-фриз: финализация ветки, rc на UAT | C10: РИ | D10: Релиз-инженер НЕДРА | E10: 4 | F10: 0.5 | G10: 1 | H10: =IF(G10="psi",P_PSI,IF(G10="ptz",P_PTZ,1)) -> 1 | I10: =(E10+F10*N_SVC)*H10 -> 9 | J10: =(E10*HF_F+F10)*H10 -> 2.5 | K10: =I10*REL_YEAR+J10*HF_YEAR -> 118
A11: 1.3 | B11: Фича-фриз: финализация ветки, rc на UAT | C11: DEV | D11: Мейнтейнеры сервисов (релизные работы) | E11: 0 | F11: 2 | G11: 1 | H11: =IF(G11="psi",P_PSI,IF(G11="ptz",P_PTZ,1)) -> 1 | I11: =(E11+F11*N_SVC)*H11 -> 20 | J11: =(E11*HF_F+F11)*H11 -> 2 | K11: =I11*REL_YEAR+J11*HF_YEAR -> 248
A12: 2.1 | B12: Устранение уязвимостей: SAST, SCA, Luntry, секреты | C12: РИ | D12: Релиз-инженер НЕДРА | E12: 4 | F12: 0.5 | G12: 1 | H12: =IF(G12="psi",P_PSI,IF(G12="ptz",P_PTZ,1)) -> 1 | I12: =(E12+F12*N_SVC)*H12 -> 9 | J12: =(E12*HF_F+F12)*H12 -> 2.5 | K12: =I12*REL_YEAR+J12*HF_YEAR -> 118
A13: 2.1 | B13: Устранение уязвимостей: SAST, SCA, Luntry, секреты | C13: DEV | D13: Мейнтейнеры сервисов (релизные работы) | E13: 0 | F13: 6 | G13: 1 | H13: =IF(G13="psi",P_PSI,IF(G13="ptz",P_PTZ,1)) -> 1 | I13: =(E13+F13*N_SVC)*H13 -> 60 | J13: =(E13*HF_F+F13)*H13 -> 6 | K13: =I13*REL_YEAR+J13*HF_YEAR -> 744
... A60: 12.6 | B60: Закрытие релиза и ретро | C60: ИБ | D60: ИБ ГПН (AppSec, Compliance) | E60: 1 | F60: 0 | G60: 1 | H60: =IF(G60="psi",P_PSI,IF(G60="ptz",P_PTZ,1)) -> 1 | I60: =(E60+F60*N_SVC)*H60 -> 1 | J60: =(E60*HF_F+F60)*H60 -> 0.5 | K60: =I60*REL_YEAR+J60*HF_YEAR -> 14
B61: Итого | I61: =SUM(I2:I60) -> 635.5 | J61: =SUM(J2:J60) -> 124.35 | K61: =SUM(K2:K60) -> 8123.4

Sheet FTE по ролям
A1: Роль (код) | B1: Роль | C1: Часов на релиз | D1: Часов в год | E1: FTE по ТРЗ | F1: Сейчас на проекте, FTE | G1: Разница (сейчас − по ТРЗ) | H1: Ставка, ₽/ч | I1: Стоимость ТРЗ в год, ₽ | J1: Стоимость текущего списания в год, ₽ | K1: Разница, ₽ в год
A2: RO | B2: Release owner / РП | C2: =SUMIFS('ТРЗ по шагам'!$I$2:$I$60,'ТРЗ по шагам'!$C$2:$C$60,A2) -> 51.5 | D2: =SUMIFS('ТРЗ по шагам'!$K$2:$K$60,'ТРЗ по шагам'!$C$2:$C$60,A2) -> 699.4 | E2: =D2/H_FTE -> 0.44243421 | F2: 1 | G2: =F2-E2 -> 0.55756579 | I2: =IF(H2="","",D2*H2) | J2: =IF(H2="","",F2*H_FULL*H2) | K2: =IF(H2="","",J2-I2)
A3: РИ | B3: Релиз-инженер НЕДРА | C3: =SUMIFS('ТРЗ по шагам'!$I$2:$I$60,'ТРЗ по шагам'!$C$2:$C$60,A3) -> 58.5 | D3: =SUMIFS('ТРЗ по шагам'!$K$2:$K$60,'ТРЗ по шагам'!$C$2:$C$60,A3) -> 771 | E3: =D3/H_FTE -> 0.48772773 | F3: 1 | G3: =F3-E3 -> 0.51227227 | I3: =IF(H3="","",D3*H3) | J3: =IF(H3="","",F3*H_FULL*H3) | K3: =IF(H3="","",J3-I3)
A4: DEV | B4: Мейнтейнеры сервисов (релизные работы) | C4: =SUMIFS('ТРЗ по шагам'!$I$2:$I$60,'ТРЗ по шагам'!$C$2:$C$60,A4) -> 234 | D4: =SUMIFS('ТРЗ по шагам'!$K$2:$K$60,'ТРЗ по шагам'!$C$2:$C$60,A4) -> 2908 | E4: =D4/H_FTE -> 1.8395749 | F4: 1 | G4: =F4-E4 -> -0.8395749 | I4: =IF(H4="","",D4*H4) | J4: =IF(H4="","",F4*H_FULL*H4) | K4: =IF(H4="","",J4-I4)
A5: DEVOPS | B5: DevOps / инфра | C5: =SUMIFS('ТРЗ по шагам'!$I$2:$I$60,'ТРЗ по шагам'!$C$2:$C$60,A5) -> 13 | D5: =SUMIFS('ТРЗ по шагам'!$K$2:$K$60,'ТРЗ по шагам'!$C$2:$C$60,A5) -> 174 | E5: =D5/H_FTE -> 0.11007085 | F5: 1 | G5: =F5-E5 -> 0.88992915 | I5: =IF(H5="","",D5*H5) | J5: =IF(H5="","",F5*H_FULL*H5) | K5: =IF(H5="","",J5-I5)
A6: QA | B6: QA / регресс UAT | C6: =SUMIFS('ТРЗ по шагам'!$I$2:$I$60,'ТРЗ по шагам'!$C$2:$C$60,A6) -> 167 | D6: =SUMIFS('ТРЗ по шагам'!$K$2:$K$60,'ТРЗ по шагам'!$C$2:$C$60,A6) -> 2106 | E6: =D6/H_FTE -> 1.3322368 | F6: 1 | G6: =F6-E6 -> -0.33223684 | I6: =IF(H6="","",D6*H6) | J6: =IF(H6="","",F6*H_FULL*H6) | K6: =IF(H6="","",J6-I6)
A7: ВНП | B7: Владелец направления (ВНП) | C7: =SUMIFS('ТРЗ по шагам'!$I$2:$I$60,'ТРЗ по шагам'!$C$2:$C$60,A7) -> 3 | D7: =SUMIFS('ТРЗ по шагам'!$K$2:$K$60,'ТРЗ по шагам'!$C$2:$C$60,A7) -> 42 | E7: =D7/H_FTE -> 0.026568826 | F7: 1 | G7: =F7-E7 -> 0.97343117 | I7: =IF(H7="","",D7*H7) | J7: =IF(H7="","",F7*H_FULL*H7) | K7: =IF(H7="","",J7-I7)
A8: ARCH | B8: Архитектор (ревью TOML) | C8: =SUMIFS('ТРЗ по шагам'!$I$2:$I$60,'ТРЗ по шагам'!$C$2:$C$60,A8) -> 2 | D8: =SUMIFS('ТРЗ по шагам'!$K$2:$K$60,'ТРЗ по шагам'!$C$2:$C$60,A8) -> 28 | E8: =D8/H_FTE -> 0.017712551 | F8: 1 | G8: =F8-E8 -> 0.98228745 | I8: =IF(H8="","",D8*H8) | J8: =IF(H8="","",F8*H_FULL*H8) | K8: =IF(H8="","",J8-I8)
A9: PMM | B9: PMM / коммуникации | C9: =SUMIFS('ТРЗ по шагам'!$I$2:$I$60,'ТРЗ по шагам'!$C$2:$C$60,A9) -> 3 | D9: =SUMIFS('ТРЗ по шагам'!$K$2:$K$60,'ТРЗ по шагам'!$C$2:$C$60,A9) -> 42 | E9: =D9/H_FTE -> 0.026568826 | F9: 1 | G9: =F9-E9 -> 0.97343117 | I9: =IF(H9="","",D9*H9) | J9: =IF(H9="","",F9*H_FULL*H9) | K9: =IF(H9="","",J9-I9)
A10: ИБ | B10: ИБ ГПН (AppSec, Compliance) | C10: =SUMIFS('ТРЗ по шагам'!$I$2:$I$60,'ТРЗ по шагам'!$C$2:$C$60,A10) -> 37 | D10: =SUMIFS('ТРЗ по шагам'!$K$2:$K$60,'ТРЗ по шагам'!$C$2:$C$60,A10) -> 490 | E10: =D10/H_FTE -> 0.30996964 | F10: 1 | G10: =F10-E10 -> 0.69003036 | I10: =IF(H10="","",D10*H10) | J10: =IF(H10="","",F10*H_FULL*H10) | K10: =IF(H10="","",J10-I10)
A11: REL | B11: Релиз-инженер (сервис) | C11: =SUMIFS('ТРЗ по шагам'!$I$2:$I$60,'ТРЗ по шагам'!$C$2:$C$60,A11) -> 6.5 | D11: =SUMIFS('ТРЗ по шагам'!$K$2:$K$60,'ТРЗ по шагам'!$C$2:$C$60,A11) -> 87 | E11: =D11/H_FTE -> 0.055035425 | F11: 1 | G11: =F11-E11 -> 0.94496457 | I11: =IF(H11="","",D11*H11) | J11: =IF(H11="","",F11*H_FULL*H11) | K11: =IF(H11="","",J11-I11)
A12: SVC | B12: Сервис ГПН-ЦР | C12: =SUMIFS('ТРЗ по шагам'!$I$2:$I$60,'ТРЗ по шагам'!$C$2:$C$60,A12) -> 37 | D12: =SUMIFS('ТРЗ по шагам'!$K$2:$K$60,'ТРЗ по шагам'!$C$2:$C$60,A12) -> 478 | E12: =D12/H_FTE -> 0.30237854 | F12: 1 | G12: =F12-E12 -> 0.69762146 | I12: =IF(H12="","",D12*H12) | J12: =IF(H12="","",F12*H_FULL*H12) | K12: =IF(H12="","",J12-I12)
A13: АБД | B13: Администратор БД | C13: =SUMIFS('ТРЗ по шагам'!$I$2:$I$60,'ТРЗ по шагам'!$C$2:$C$60,A13) -> 11.5 | D13: =SUMIFS('ТРЗ по шагам'!$K$2:$K$60,'ТРЗ по шагам'!$C$2:$C$60,A13) -> 149 | E13: =D13/H_FTE -> 0.094256073 | F13: 1 | G13: =F13-E13 -> 0.90574393 | I13: =IF(H13="","",D13*H13) | J13: =IF(H13="","",F13*H_FULL*H13) | K13: =IF(H13="","",J13-I13)
A14: АБР | B14: Администратор брокеров | C14: =SUMIFS('ТРЗ по шагам'!$I$2:$I$60,'ТРЗ по шагам'!$C$2:$C$60,A14) -> 11.5 | D14: =SUMIFS('ТРЗ по шагам'!$K$2:$K$60,'ТРЗ по шагам'!$C$2:$C$60,A14) -> 149 | E14: =D14/H_FTE -> 0.094256073 | F14: 1 | G14: =F14-E14 -> 0.90574393 | I14: =IF(H14="","",D14*H14) | J14: =IF(H14="","",F14*H_FULL*H14) | K14: =IF(H14="","",J14-I14)
B15: Итого | C15: =SUM(C2:C14) -> 635.5 | D15: =SUM(D2:D14) -> 8123.4 | E15: =SUM(E2:E14) -> 5.1387905 | F15: =SUM(F2:F14) -> 13 | G15: =SUM(G2:G14) -> 7.8612095 | I15: =SUM(I2:I14) -> 0 | J15: =SUM(J2:J14) -> 0 | K15: =SUM(K2:K14) -> 0
A17: Ставка (₽/ч) — вводится по каждой роли; без неё стоимость не считается. Разница > 0 означает, что на проект списывается больше, чем нужно по ТРЗ.

Sheet Сценарии N
A1: Роль (код) | B1: Роль | C1: N = 5 | D1: N = 10 | E1: N = 15 | F1: N = 20 | G1: N = 25
A2: Число сервисов → | C2: 5 | D2: 10 | E2: 15 | F2: 20 | G2: 25
A3: RO | B3: Release owner / РП | C3: =((SUMPRODUCT(('ТРЗ по шагам'!$C$2:$C$60=$A3)*'ТРЗ по шагам'!$E$2:$E$60*'ТРЗ по шагам'!$H$2:$H$60)+SUMPRODUCT(('ТРЗ по шагам'!$C$2:$C$60=$A3)*'ТРЗ по шагам'!$F$2:$F$60*'ТРЗ по шагам'!$H$2:$H$60)*C$2)*REL_YEAR+(SUMPRODUCT(('ТРЗ по шагам'!$C$2:$C$60=$A3)*'ТРЗ по шагам'!$E$2:$E$60*'ТРЗ по шагам'!$H$2:$H$60)*HF_F+SUMPRODUCT(('ТРЗ по шагам'!$C$2:$C$60=$A3)*'ТРЗ по шагам'!$F$2:$F$60*'ТРЗ по шагам'!$H$2:$H$60))*HF_YEAR)/H_FTE -> 0.39119433 | D3: =((SUMPRODUCT(('ТРЗ по шагам'!$C$2:$C$60=$A3)*'ТРЗ по шагам'!$E$2:$E$60*'ТРЗ по шагам'!$H$2:$H$60)+SUMPRODUCT(('ТРЗ по шагам'!$C$2:$C$60=$A3)*'ТРЗ по шагам'!$F$2:$F$60*'ТРЗ по шагам'!$H$2:$H$60)*D$2)*REL_YEAR+(SUMPRODUCT(('ТРЗ по шагам'!$C$2:$C$60=$A3)*'ТРЗ по шагам'!$E$2:$E$60*'ТРЗ по шагам'!$H$2:$H$60)*HF_F+SUMPRODUCT(('ТРЗ по шагам'!$C$2:$C$60=$A3)*'ТРЗ по шагам'!$F$2:$F$60*'ТРЗ по шагам'!$H$2:$H$60))*HF_YEAR)/H_FTE -> 0.44243421 | E3: =((SUMPRODUCT(('ТРЗ по шагам'!$C$2:$C$60=$A3)*'ТРЗ по шагам'!$E$2:$E$60*'ТРЗ по шагам'!$H$2:$H$60)+SUMPRODUCT(('ТРЗ по шагам'!$C$2:$C$60=$A3)*'ТРЗ по шагам'!$F$2:$F$60*'ТРЗ по шагам'!$H$2:$H$60)*E$2)*REL_YEAR+(SUMPRODUCT(('ТРЗ по шагам'!$C$2:$C$60=$A3)*'ТРЗ по шагам'!$E$2:$E$60*'ТРЗ по шагам'!$H$2:$H$60)*HF_F+SUMPRODUCT(('ТРЗ по шагам'!$C$2:$C$60=$A3)*'ТРЗ по шагам'!$F$2:$F$60*'ТРЗ по шагам'!$H$2:$H$60))*HF_YEAR)/H_FTE -> 0.49367409 | F3: =((SUMPRODUCT(('ТРЗ по шагам'!$C$2:$C$60=$A3)*'ТРЗ по шагам'!$E$2:$E$60*'ТРЗ по шагам'!$H$2:$H$60)+SUMPRODUCT(('ТРЗ по шагам'!$C$2:$C$60=$A3)*'ТРЗ по шагам'!$F$2:$F$60*'ТРЗ по шагам'!$H$2:$H$60)*F$2)*REL_YEAR+(SUMPRODUCT(('ТРЗ по шагам'!$C$2:$C$60=$A3)*'ТРЗ по шагам'!$E$2:$E$60*'ТРЗ по шагам'!$H$2:$H$60)*HF_F+SUMPRODUCT(('ТРЗ по шагам'!$C$2:$C$60=$A3)*'ТРЗ по шагам'!$F$2:$F$60*'ТРЗ по шагам'!$H$2:$H$60))*HF_YEAR)/H_FTE -> 0.54491397 | G3: =((SUMPRODUCT(('ТРЗ по шагам'!$C$2:$C$60=$A3)*'ТРЗ по шагам'!$E$2:$E$60*'ТРЗ по шагам'!$H$2:$H$60)+SUMPRODUCT(('ТРЗ по шагам'!$C$2:$C$60=$A3)*'ТРЗ по шагам'!$F$2:$F$60*'ТРЗ по шагам'!$H$2:$H$60)*G$2)*REL_YEAR+(SUMPRODUCT(('ТРЗ по шагам'!$C$2:$C$60=$A3)*'ТРЗ по шагам'!$E$2:$E$60*'ТРЗ по шагам'!$H$2:$H$60)*HF_F+SUMPRODUCT(('ТРЗ по шагам'!$C$2:$C$60=$A3)*'ТРЗ по шагам'!$F$2:$F$60*'ТРЗ по шагам'!$H$2:$H$60))*HF_YEAR)/H_FTE -> 0.59615385
A4: РИ | B4: Релиз-инженер НЕДРА | C4: =((SUMPRODUCT(('ТРЗ по шагам'!$C$2:$C$60=$A4)*'ТРЗ по шагам'!$E$2:$E$60*'ТРЗ по шагам'!$H$2:$H$60)+SUMPRODUCT(('ТРЗ по шагам'!$C$2:$C$60=$A4)*'ТРЗ по шагам'!$F$2:$F$60*'ТРЗ по шагам'!$H$2:$H$60)*C$2)*REL_YEAR+(SUMPRODUCT(('ТРЗ по шагам'!$C$2:$C$60=$A4)*'ТРЗ по шагам'!$E$2:$E$60*'ТРЗ по шагам'!$H$2:$H$60)*HF_F+SUMPRODUCT(('ТРЗ по шагам'!$C$2:$C$60=$A4)*'ТРЗ по шагам'!$F$2:$F$60*'ТРЗ по шагам'!$H$2:$H$60))*HF_YEAR)/H_FTE -> 0.37386134 | D4: =((SUMPRODUCT(('ТРЗ по шагам'!$C$2:$C$60=$A4)*'ТРЗ по шагам'!$E$2:$E$60*'ТРЗ по шагам'!$H$2:$H$60)+SUMPRODUCT(('ТРЗ по шагам'!$C$2:$C$60=$A4)*'ТРЗ по шагам'!$F$2:$F$60*'ТРЗ по шагам'!$H$2:$H$60)*D$2)*REL_YEAR+(SUMPRODUCT(('ТРЗ по шагам'!$C$2:$C$60=$A4)*'ТРЗ по шагам'!$E$2:$E$60*'ТРЗ по шагам'!$H$2:$H$60)*HF_F+SUMPRODUCT(('ТРЗ по шагам'!$C$2:$C$60=$A4)*'ТРЗ по шагам'!$F$2:$F$60*'ТРЗ по шагам'!$H$2:$H$60))*HF_YEAR)/H_FTE -> 0.48772773 | E4: =((SUMPRODUCT(('ТРЗ по шагам'!$C$2:$C$60=$A4)*'ТРЗ по шагам'!$E$2:$E$60*'ТРЗ по шагам'!$H$2:$H$60)+SUMPRODUCT(('ТРЗ по шагам'!$C$2:$C$60=$A4)*'ТРЗ по шагам'!$F$2:$F$60*'ТРЗ по шагам'!$H$2:$H$60)*E$2)*REL_YEAR+(SUMPRODUCT(('ТРЗ по шагам'!$C$2:$C$60=$A4)*'ТРЗ по шагам'!$E$2:$E$60*'ТРЗ по шагам'!$H$2:$H$60)*HF_F+SUMPRODUCT(('ТРЗ по шагам'!$C$2:$C$60=$A4)*'ТРЗ по шагам'!$F$2:$F$60*'ТРЗ по шагам'!$H$2:$H$60))*HF_YEAR)/H_FTE -> 0.60159413 | F4: =((SUMPRODUCT(('ТРЗ по шагам'!$C$2:$C$60=$A4)*'ТРЗ по шагам'!$E$2:$E$60*'ТРЗ по шагам'!$H$2:$H$60)+SUMPRODUCT(('ТРЗ по шагам'!$C$2:$C$60=$A4)*'ТРЗ по шагам'!$F$2:$F$60*'ТРЗ по шагам'!$H$2:$H$60)*F$2)*REL_YEAR+(SUMPRODUCT(('ТРЗ по шагам'!$C$2:$C$60=$A4)*'ТРЗ по шагам'!$E$2:$E$60*'ТРЗ по шагам'!$H$2:$H$60)*HF_F+SUMPRODUCT(('ТРЗ по шагам'!$C$2:$C$60=$A4)*'ТРЗ по шагам'!$F$2:$F$60*'ТРЗ по шагам'!$H$2:$H$60))*HF_YEAR)/H_FTE -> 0.71546053 | G4: =((SUMPRODUCT(('ТРЗ по шагам'!$C$2:$C$60=$A4)*'ТРЗ по шагам'!$E$2:$E$60*'ТРЗ по шагам'!$H$2:$H$60)+SUMPRODUCT(('ТРЗ по шагам'!$C$2:$C$60=$A4)*'ТРЗ по шагам'!$F$2:$F$60*'ТРЗ по шагам'!$H$2:$H$60)*G$2)*REL_YEAR+(SUMPRODUCT(('ТРЗ по шагам'!$C$2:$C$60=$A4)*'ТРЗ по шагам'!$E$2:$E$60*'ТРЗ по шагам'!$H$2:$H$60)*HF_F+SUMPRODUCT(('ТРЗ по шагам'!$C$2:$C$60=$A4)*'ТРЗ по шагам'!$F$2:$F$60*'ТРЗ по шагам'!$H$2:$H$60))*HF_YEAR)/H_FTE -> 0.82932692
A5: DEV | B5: Мейнтейнеры сервисов (релизные работы) | C5: =((SUMPRODUCT(('ТРЗ по шагам'!$C$2:$C$60=$A5)*'ТРЗ по шагам'!$E$2:$E$60*'ТРЗ по шагам'!$H$2:$H$60)+SUMPRODUCT(('ТРЗ по шагам'!$C$2:$C$60=$A5)*'ТРЗ по шагам'!$F$2:$F$60*'ТРЗ по шагам'!$H$2:$H$60)*C$2)*REL_YEAR+(SUMPRODUCT(('ТРЗ по шагам'!$C$2:$C$60=$A5)*'ТРЗ по шагам'!$E$2:$E$60*'ТРЗ по шагам'!$H$2:$H$60)*HF_F+SUMPRODUCT(('ТРЗ по шагам'!$C$2:$C$60=$A5)*'ТРЗ по шагам'!$F$2:$F$60*'ТРЗ по шагам'!$H$2:$H$60))*HF_YEAR)/H_FTE -> 0.96659919 | D5: =((SUMPRODUCT(('ТРЗ по шагам'!$C$2:$C$60=$A5)*'ТРЗ по шагам'!$E$2:$E$60*'ТРЗ по шагам'!$H$2:$H$60)+SUMPRODUCT(('ТРЗ по шагам'!$C$2:$C$60=$A5)*'ТРЗ по шагам'!$F$2:$F$60*'ТРЗ по шагам'!$H$2:$H$60)*D$2)*REL_YEAR+(SUMPRODUCT(('ТРЗ по шагам'!$C$2:$C$60=$A5)*'ТРЗ по шагам'!$E$2:$E$60*'ТРЗ по шагам'!$H$2:$H$60)*HF_F+SUMPRODUCT(('ТРЗ по шагам'!$C$2:$C$60=$A5)*'ТРЗ по шагам'!$F$2:$F$60*'ТРЗ по шагам'!$H$2:$H$60))*HF_YEAR)/H_FTE -> 1.8395749 | E5: =((SUMPRODUCT(('ТРЗ по шагам'!$C$2:$C$60=$A5)*'ТРЗ по шагам'!$E$2:$E$60*'ТРЗ по шагам'!$H$2:$H$60)+SUMPRODUCT(('ТРЗ по шагам'!$C$2:$C$60=$A5)*'ТРЗ по шагам'!$F$2:$F$60*'ТРЗ по шагам'!$H$2:$H$60)*E$2)*REL_YEAR+(SUMPRODUCT(('ТРЗ по шагам'!$C$2:$C$60=$A5)*'ТРЗ по шагам'!$E$2:$E$60*'ТРЗ по шагам'!$H$2:$H$60)*HF_F+SUMPRODUCT(('ТРЗ по шагам'!$C$2:$C$60=$A5)*'ТРЗ по шагам'!$F$2:$F$60*'ТРЗ по шагам'!$H$2:$H$60))*HF_YEAR)/H_FTE -> 2.7125506 | F5: =((SUMPRODUCT(('ТРЗ по шагам'!$C$2:$C$60=$A5)*'ТРЗ по шагам'!$E$2:$E$60*'ТРЗ по шагам'!$H$2:$H$60)+SUMPRODUCT(('ТРЗ по шагам'!$C$2:$C$60=$A5)*'ТРЗ по шагам'!$F$2:$F$60*'ТРЗ по шагам'!$H$2:$H$60)*F$2)*REL_YEAR+(SUMPRODUCT(('ТРЗ по шагам'!$C$2:$C$60=$A5)*'ТРЗ по шагам'!$E$2:$E$60*'ТРЗ по шагам'!$H$2:$H$60)*HF_F+SUMPRODUCT(('ТРЗ по шагам'!$C$2:$C$60=$A5)*'ТРЗ по шагам'!$F$2:$F$60*'ТРЗ по шагам'!$H$2:$H$60))*HF_YEAR)/H_FTE -> 3.5855263 | G5: =((SUMPRODUCT(('ТРЗ по шагам'!$C$2:$C$60=$A5)*'ТРЗ по шагам'!$E$2:$E$60*'ТРЗ по шагам'!$H$2:$H$60)+SUMPRODUCT(('ТРЗ по шагам'!$C$2:$C$60=$A5)*'ТРЗ по шагам'!$F$2:$F$60*'ТРЗ по шагам'!$H$2:$H$60)*G$2)*REL_YEAR+(SUMPRODUCT(('ТРЗ по шагам'!$C$2:$C$60=$A5)*'ТРЗ по шагам'!$E$2:$E$60*'ТРЗ по шагам'!$H$2:$H$60)*HF_F+SUMPRODUCT(('ТРЗ по шагам'!$C$2:$C$60=$A5)*'ТРЗ по шагам'!$F$2:$F$60*'ТРЗ по шагам'!$H$2:$H$60))*HF_YEAR)/H_FTE -> 4.458502
A6: DEVOPS | B6: DevOps / инфра | C6: =((SUMPRODUCT(('ТРЗ по шагам'!$C$2:$C$60=$A6)*'ТРЗ по шагам'!$E$2:$E$60*'ТРЗ по шагам'!$H$2:$H$60)+SUMPRODUCT(('ТРЗ по шагам'!$C$2:$C$60=$A6)*'ТРЗ по шагам'!$F$2:$F$60*'ТРЗ по шагам'!$H$2:$H$60)*C$2)*REL_YEAR+(SUMPRODUCT(('ТРЗ по шагам'!$C$2:$C$60=$A6)*'ТРЗ по шагам'!$E$2:$E$60*'ТРЗ по шагам'!$H$2:$H$60)*HF_F+SUMPRODUCT(('ТРЗ по шагам'!$C$2:$C$60=$A6)*'ТРЗ по шагам'!$F$2:$F$60*'ТРЗ по шагам'!$H$2:$H$60))*HF_YEAR)/H_FTE -> 0.091093117 | D6: =((SUMPRODUCT(('ТРЗ по шагам'!$C$2:$C$60=$A6)*'ТРЗ по шагам'!$E$2:$E$60*'ТРЗ по шагам'!$H$2:$H$60)+SUMPRODUCT(('ТРЗ по шагам'!$C$2:$C$60=$A6)*'ТРЗ по шагам'!$F$2:$F$60*'ТРЗ по шагам'!$H$2:$H$60)*D$2)*REL_YEAR+(SUMPRODUCT(('ТРЗ по шагам'!$C$2:$C$60=$A6)*'ТРЗ по шагам'!$E$2:$E$60*'ТРЗ по шагам'!$H$2:$H$60)*HF_F+SUMPRODUCT(('ТРЗ по шагам'!$C$2:$C$60=$A6)*'ТРЗ по шагам'!$F$2:$F$60*'ТРЗ по шагам'!$H$2:$H$60))*HF_YEAR)/H_FTE -> 0.11007085 | E6: =((SUMPRODUCT(('ТРЗ по шагам'!$C$2:$C$60=$A6)*'ТРЗ по шагам'!$E$2:$E$60*'ТРЗ по шагам'!$H$2:$H$60)+SUMPRODUCT(('ТРЗ по шагам'!$C$2:$C$60=$A6)*'ТРЗ по шагам'!$F$2:$F$60*'ТРЗ по шагам'!$H$2:$H$60)*E$2)*REL_YEAR+(SUMPRODUCT(('ТРЗ по шагам'!$C$2:$C$60=$A6)*'ТРЗ по шагам'!$E$2:$E$60*'ТРЗ по шагам'!$H$2:$H$60)*HF_F+SUMPRODUCT(('ТРЗ по шагам'!$C$2:$C$60=$A6)*'ТРЗ по шагам'!$F$2:$F$60*'ТРЗ по шагам'!$H$2:$H$60))*HF_YEAR)/H_FTE -> 0.12904858 | F6: =((SUMPRODUCT(('ТРЗ по шагам'!$C$2:$C$60=$A6)*'ТРЗ по шагам'!$E$2:$E$60*'ТРЗ по шагам'!$H$2:$H$60)+SUMPRODUCT(('ТРЗ по шагам'!$C$2:$C$60=$A6)*'ТРЗ по шагам'!$F$2:$F$60*'ТРЗ по шагам'!$H$2:$H$60)*F$2)*REL_YEAR+(SUMPRODUCT(('ТРЗ по шагам'!$C$2:$C$60=$A6)*'ТРЗ по шагам'!$E$2:$E$60*'ТРЗ по шагам'!$H$2:$H$60)*HF_F+SUMPRODUCT(('ТРЗ по шагам'!$C$2:$C$60=$A6)*'ТРЗ по шагам'!$F$2:$F$60*'ТРЗ по шагам'!$H$2:$H$60))*HF_YEAR)/H_FTE -> 0.14802632 | G6: =((SUMPRODUCT(('ТРЗ по шагам'!$C$2:$C$60=$A6)*'ТРЗ по шагам'!$E$2:$E$60*'ТРЗ по шагам'!$H$2:$H$60)+SUMPRODUCT(('ТРЗ по шагам'!$C$2:$C$60=$A6)*'ТРЗ по шагам'!$F$2:$F$60*'ТРЗ по шагам'!$H$2:$H$60)*G$2)*REL_YEAR+(SUMPRODUCT(('ТРЗ по шагам'!$C$2:$C$60=$A6)*'ТРЗ по шагам'!$E$2:$E$60*'ТРЗ по шагам'!$H$2:$H$60)*HF_F+SUMPRODUCT(('ТРЗ по шагам'!$C$2:$C$60=$A6)*'ТРЗ по шагам'!$F$2:$F$60*'ТРЗ по шагам'!$H$2:$H$60))*HF_YEAR)/H_FTE -> 0.16700405
A7: QA | B7: QA / регресс UAT | C7: =((SUMPRODUCT(('ТРЗ по шагам'!$C$2:$C$60=$A7)*'ТРЗ по шагам'!$E$2:$E$60*'ТРЗ по шагам'!$H$2:$H$60)+SUMPRODUCT(('ТРЗ по шагам'!$C$2:$C$60=$A7)*'ТРЗ по шагам'!$F$2:$F$60*'ТРЗ по шагам'!$H$2:$H$60)*C$2)*REL_YEAR+(SUMPRODUCT(('ТРЗ по шагам'!$C$2:$C$60=$A7)*'ТРЗ по шагам'!$E$2:$E$60*'ТРЗ по шагам'!$H$2:$H$60)*HF_F+SUMPRODUCT(('ТРЗ по шагам'!$C$2:$C$60=$A7)*'ТРЗ по шагам'!$F$2:$F$60*'ТРЗ по шагам'!$H$2:$H$60))*HF_YEAR)/H_FTE -> 0.78188259 | D7: =((SUMPRODUCT(('ТРЗ по шагам'!$C$2:$C$60=$A7)*'ТРЗ по шагам'!$E$2:$E$60*'ТРЗ по шагам'!$H$2:$H$60)+SUMPRODUCT(('ТРЗ по шагам'!$C$2:$C$60=$A7)*'ТРЗ по шагам'!$F$2:$F$60*'ТРЗ по шагам'!$H$2:$H$60)*D$2)*REL_YEAR+(SUMPRODUCT(('ТРЗ по шагам'!$C$2:$C$60=$A7)*'ТРЗ по шагам'!$E$2:$E$60*'ТРЗ по шагам'!$H$2:$H$60)*HF_F+SUMPRODUCT(('ТРЗ по шагам'!$C$2:$C$60=$A7)*'ТРЗ по шагам'!$F$2:$F$60*'ТРЗ по шагам'!$H$2:$H$60))*HF_YEAR)/H_FTE -> 1.3322368 | E7: =((SUMPRODUCT(('ТРЗ по шагам'!$C$2:$C$60=$A7)*'ТРЗ по шагам'!$E$2:$E$60*'ТРЗ по шагам'!$H$2:$H$60)+SUMPRODUCT(('ТРЗ по шагам'!$C$2:$C$60=$A7)*'ТРЗ по шагам'!$F$2:$F$60*'ТРЗ по шагам'!$H$2:$H$60)*E$2)*REL_YEAR+(SUMPRODUCT(('ТРЗ по шагам'!$C$2:$C$60=$A7)*'ТРЗ по шагам'!$E$2:$E$60*'ТРЗ по шагам'!$H$2:$H$60)*HF_F+SUMPRODUCT(('ТРЗ по шагам'!$C$2:$C$60=$A7)*'ТРЗ по шагам'!$F$2:$F$60*'ТРЗ по шагам'!$H$2:$H$60))*HF_YEAR)/H_FTE -> 1.8825911 | F7: =((SUMPRODUCT(('ТРЗ по шагам'!$C$2:$C$60=$A7)*'ТРЗ по шагам'!$E$2:$E$60*'ТРЗ по шагам'!$H$2:$H$60)+SUMPRODUCT(('ТРЗ по шагам'!$C$2:$C$60=$A7)*'ТРЗ по шагам'!$F$2:$F$60*'ТРЗ по шагам'!$H$2:$H$60)*F$2)*REL_YEAR+(SUMPRODUCT(('ТРЗ по шагам'!$C$2:$C$60=$A7)*'ТРЗ по шагам'!$E$2:$E$60*'ТРЗ по шагам'!$H$2:$H$60)*HF_F+SUMPRODUCT(('ТРЗ по шагам'!$C$2:$C$60=$A7)*'ТРЗ по шагам'!$F$2:$F$60*'ТРЗ по шагам'!$H$2:$H$60))*HF_YEAR)/H_FTE -> 2.4329453 | G7: =((SUMPRODUCT(('ТРЗ по шагам'!$C$2:$C$60=$A7)*'ТРЗ по шагам'!$E$2:$E$60*'ТРЗ по шагам'!$H$2:$H$60)+SUMPRODUCT(('ТРЗ по шагам'!$C$2:$C$60=$A7)*'ТРЗ по шагам'!$F$2:$F$60*'ТРЗ по шагам'!$H$2:$H$60)*G$2)*REL_YEAR+(SUMPRODUCT(('ТРЗ по шагам'!$C$2:$C$60=$A7)*'ТРЗ по шагам'!$E$2:$E$60*'ТРЗ по шагам'!$H$2:$H$60)*HF_F+SUMPRODUCT(('ТРЗ по шагам'!$C$2:$C$60=$A7)*'ТРЗ по шагам'!$F$2:$F$60*'ТРЗ по шагам'!$H$2:$H$60))*HF_YEAR)/H_FTE -> 2.9832996
A8: ВНП | B8: Владелец направления (ВНП) | C8: =((SUMPRODUCT(('ТРЗ по шагам'!$C$2:$C$60=$A8)*'ТРЗ по шагам'!$E$2:$E$60*'ТРЗ по шагам'!$H$2:$H$60)+SUMPRODUCT(('ТРЗ по шагам'!$C$2:$C$60=$A8)*'ТРЗ по шагам'!$F$2:$F$60*'ТРЗ по шагам'!$H$2:$H$60)*C$2)*REL_YEAR+(SUMPRODUCT(('ТРЗ по шагам'!$C$2:$C$60=$A8)*'ТРЗ по шагам'!$E$2:$E$60*'ТРЗ по шагам'!$H$2:$H$60)*HF_F+SUMPRODUCT(('ТРЗ по шагам'!$C$2:$C$60=$A8)*'ТРЗ по шагам'!$F$2:$F$60*'ТРЗ по шагам'!$H$2:$H$60))*HF_YEAR)/H_FTE -> 0.026568826 | D8: =((SUMPRODUCT(('ТРЗ по шагам'!$C$2:$C$60=$A8)*'ТРЗ по шагам'!$E$2:$E$60*'ТРЗ по шагам'!$H$2:$H$60)+SUMPRODUCT(('ТРЗ по шагам'!$C$2:$C$60=$A8)*'ТРЗ по шагам'!$F$2:$F$60*'ТРЗ по шагам'!$H$2:$H$60)*D$2)*REL_YEAR+(SUMPRODUCT(('ТРЗ по шагам'!$C$2:$C$60=$A8)*'ТРЗ по шагам'!$E$2:$E$60*'ТРЗ по шагам'!$H$2:$H$60)*HF_F+SUMPRODUCT(('ТРЗ по шагам'!$C$2:$C$60=$A8)*'ТРЗ по шагам'!$F$2:$F$60*'ТРЗ по шагам'!$H$2:$H$60))*HF_YEAR)/H_FTE -> 0.026568826 | E8: =((SUMPRODUCT(('ТРЗ по шагам'!$C$2:$C$60=$A8)*'ТРЗ по шагам'!$E$2:$E$60*'ТРЗ по шагам'!$H$2:$H$60)+SUMPRODUCT(('ТРЗ по шагам'!$C$2:$C$60=$A8)*'ТРЗ по шагам'!$F$2:$F$60*'ТРЗ по шагам'!$H$2:$H$60)*E$2)*REL_YEAR+(SUMPRODUCT(('ТРЗ по шагам'!$C$2:$C$60=$A8)*'ТРЗ по шагам'!$E$2:$E$60*'ТРЗ по шагам'!$H$2:$H$60)*HF_F+SUMPRODUCT(('ТРЗ по шагам'!$C$2:$C$60=$A8)*'ТРЗ по шагам'!$F$2:$F$60*'ТРЗ по шагам'!$H$2:$H$60))*HF_YEAR)/H_FTE -> 0.026568826 | F8: =((SUMPRODUCT(('ТРЗ по шагам'!$C$2:$C$60=$A8)*'ТРЗ по шагам'!$E$2:$E$60*'ТРЗ по шагам'!$H$2:$H$60)+SUMPRODUCT(('ТРЗ по шагам'!$C$2:$C$60=$A8)*'ТРЗ по шагам'!$F$2:$F$60*'ТРЗ по шагам'!$H$2:$H$60)*F$2)*REL_YEAR+(SUMPRODUCT(('ТРЗ по шагам'!$C$2:$C$60=$A8)*'ТРЗ по шагам'!$E$2:$E$60*'ТРЗ по шагам'!$H$2:$H$60)*HF_F+SUMPRODUCT(('ТРЗ по шагам'!$C$2:$C$60=$A8)*'ТРЗ по шагам'!$F$2:$F$60*'ТРЗ по шагам'!$H$2:$H$60))*HF_YEAR)/H_FTE -> 0.026568826 | G8: =((SUMPRODUCT(('ТРЗ по шагам'!$C$2:$C$60=$A8)*'ТРЗ по шагам'!$E$2:$E$60*'ТРЗ по шагам'!$H$2:$H$60)+SUMPRODUCT(('ТРЗ по шагам'!$C$2:$C$60=$A8)*'ТРЗ по шагам'!$F$2:$F$60*'ТРЗ по шагам'!$H$2:$H$60)*G$2)*REL_YEAR+(SUMPRODUCT(('ТРЗ по шагам'!$C$2:$C$60=$A8)*'ТРЗ по шагам'!$E$2:$E$60*'ТРЗ по шагам'!$H$2:$H$60)*HF_F+SUMPRODUCT(('ТРЗ по шагам'!$C$2:$C$60=$A8)*'ТРЗ по шагам'!$F$2:$F$60*'ТРЗ по шагам'!$H$2:$H$60))*HF_YEAR)/H_FTE -> 0.026568826
A9: ARCH | B9: Архитектор (ревью TOML) | C9: =((SUMPRODUCT(('ТРЗ по шагам'!$C$2:$C$60=$A9)*'ТРЗ по шагам'!$E$2:$E$60*'ТРЗ по шагам'!$H$2:$H$60)+SUMPRODUCT(('ТРЗ по шагам'!$C$2:$C$60=$A9)*'ТРЗ по шагам'!$F$2:$F$60*'ТРЗ по шагам'!$H$2:$H$60)*C$2)*REL_YEAR+(SUMPRODUCT(('ТРЗ по шагам'!$C$2:$C$60=$A9)*'ТРЗ по шагам'!$E$2:$E$60*'ТРЗ по шагам'!$H$2:$H$60)*HF_F+SUMPRODUCT(('ТРЗ по шагам'!$C$2:$C$60=$A9)*'ТРЗ по шагам'!$F$2:$F$60*'ТРЗ по шагам'!$H$2:$H$60))*HF_YEAR)/H_FTE -> 0.017712551 | D9: =((SUMPRODUCT(('ТРЗ по шагам'!$C$2:$C$60=$A9)*'ТРЗ по шагам'!$E$2:$E$60*'ТРЗ по шагам'!$H$2:$H$60)+SUMPRODUCT(('ТРЗ по шагам'!$C$2:$C$60=$A9)*'ТРЗ по шагам'!$F$2:$F$60*'ТРЗ по шагам'!$H$2:$H$60)*D$2)*REL_YEAR+(SUMPRODUCT(('ТРЗ по шагам'!$C$2:$C$60=$A9)*'ТРЗ по шагам'!$E$2:$E$60*'ТРЗ по шагам'!$H$2:$H$60)*HF_F+SUMPRODUCT(('ТРЗ по шагам'!$C$2:$C$60=$A9)*'ТРЗ по шагам'!$F$2:$F$60*'ТРЗ по шагам'!$H$2:$H$60))*HF_YEAR)/H_FTE -> 0.017712551 | E9: =((SUMPRODUCT(('ТРЗ по шагам'!$C$2:$C$60=$A9)*'ТРЗ по шагам'!$E$2:$E$60*'ТРЗ по шагам'!$H$2:$H$60)+SUMPRODUCT(('ТРЗ по шагам'!$C$2:$C$60=$A9)*'ТРЗ по шагам'!$F$2:$F$60*'ТРЗ по шагам'!$H$2:$H$60)*E$2)*REL_YEAR+(SUMPRODUCT(('ТРЗ по шагам'!$C$2:$C$60=$A9)*'ТРЗ по шагам'!$E$2:$E$60*'ТРЗ по шагам'!$H$2:$H$60)*HF_F+SUMPRODUCT(('ТРЗ по шагам'!$C$2:$C$60=$A9)*'ТРЗ по шагам'!$F$2:$F$60*'ТРЗ по шагам'!$H$2:$H$60))*HF_YEAR)/H_FTE -> 0.017712551 | F9: =((SUMPRODUCT(('ТРЗ по шагам'!$C$2:$C$60=$A9)*'ТРЗ по шагам'!$E$2:$E$60*'ТРЗ по шагам'!$H$2:$H$60)+SUMPRODUCT(('ТРЗ по шагам'!$C$2:$C$60=$A9)*'ТРЗ по шагам'!$F$2:$F$60*'ТРЗ по шагам'!$H$2:$H$60)*F$2)*REL_YEAR+(SUMPRODUCT(('ТРЗ по шагам'!$C$2:$C$60=$A9)*'ТРЗ по шагам'!$E$2:$E$60*'ТРЗ по шагам'!$H$2:$H$60)*HF_F+SUMPRODUCT(('ТРЗ по шагам'!$C$2:$C$60=$A9)*'ТРЗ по шагам'!$F$2:$F$60*'ТРЗ по шагам'!$H$2:$H$60))*HF_YEAR)/H_FTE -> 0.017712551 | G9: =((SUMPRODUCT(('ТРЗ по шагам'!$C$2:$C$60=$A9)*'ТРЗ по шагам'!$E$2:$E$60*'ТРЗ по шагам'!$H$2:$H$60)+SUMPRODUCT(('ТРЗ по шагам'!$C$2:$C$60=$A9)*'ТРЗ по шагам'!$F$2:$F$60*'ТРЗ по шагам'!$H$2:$H$60)*G$2)*REL_YEAR+(SUMPRODUCT(('ТРЗ по шагам'!$C$2:$C$60=$A9)*'ТРЗ по шагам'!$E$2:$E$60*'ТРЗ по шагам'!$H$2:$H$60)*HF_F+SUMPRODUCT(('ТРЗ по шагам'!$C$2:$C$60=$A9)*'ТРЗ по шагам'!$F$2:$F$60*'ТРЗ по шагам'!$H$2:$H$60))*HF_YEAR)/H_FTE -> 0.017712551
A10: PMM | B10: PMM / коммуникации | C10: =((SUMPRODUCT(('ТРЗ по шагам'!$C$2:$C$60=$A10)*'ТРЗ по шагам'!$E$2:$E$60*'ТРЗ по шагам'!$H$2:$H$60)+SUMPRODUCT(('ТРЗ по шагам'!$C$2:$C$60=$A10)*'ТРЗ по шагам'!$F$2:$F$60*'ТРЗ по шагам'!$H$2:$H$60)*C$2)*REL_YEAR+(SUMPRODUCT(('ТРЗ по шагам'!$C$2:$C$60=$A10)*'ТРЗ по шагам'!$E$2:$E$60*'ТРЗ по шагам'!$H$2:$H$60)*HF_F+SUMPRODUCT(('ТРЗ по шагам'!$C$2:$C$60=$A10)*'ТРЗ по шагам'!$F$2:$F$60*'ТРЗ по шагам'!$H$2:$H$60))*HF_YEAR)/H_FTE -> 0.026568826 | D10: =((SUMPRODUCT(('ТРЗ по шагам'!$C$2:$C$60=$A10)*'ТРЗ по шагам'!$E$2:$E$60*'ТРЗ по шагам'!$H$2:$H$60)+SUMPRODUCT(('ТРЗ по шагам'!$C$2:$C$60=$A10)*'ТРЗ по шагам'!$F$2:$F$60*'ТРЗ по шагам'!$H$2:$H$60)*D$2)*REL_YEAR+(SUMPRODUCT(('ТРЗ по шагам'!$C$2:$C$60=$A10)*'ТРЗ по шагам'!$E$2:$E$60*'ТРЗ по шагам'!$H$2:$H$60)*HF_F+SUMPRODUCT(('ТРЗ по шагам'!$C$2:$C$60=$A10)*'ТРЗ по шагам'!$F$2:$F$60*'ТРЗ по шагам'!$H$2:$H$60))*HF_YEAR)/H_FTE -> 0.026568826 | E10: =((SUMPRODUCT(('ТРЗ по шагам'!$C$2:$C$60=$A10)*'ТРЗ по шагам'!$E$2:$E$60*'ТРЗ по шагам'!$H$2:$H$60)+SUMPRODUCT(('ТРЗ по шагам'!$C$2:$C$60=$A10)*'ТРЗ по шагам'!$F$2:$F$60*'ТРЗ по шагам'!$H$2:$H$60)*E$2)*REL_YEAR+(SUMPRODUCT(('ТРЗ по шагам'!$C$2:$C$60=$A10)*'ТРЗ по шагам'!$E$2:$E$60*'ТРЗ по шагам'!$H$2:$H$60)*HF_F+SUMPRODUCT(('ТРЗ по шагам'!$C$2:$C$60=$A10)*'ТРЗ по шагам'!$F$2:$F$60*'ТРЗ по шагам'!$H$2:$H$60))*HF_YEAR)/H_FTE -> 0.026568826 | F10: =((SUMPRODUCT(('ТРЗ по шагам'!$C$2:$C$60=$A10)*'ТРЗ по шагам'!$E$2:$E$60*'ТРЗ по шагам'!$H$2:$H$60)+SUMPRODUCT(('ТРЗ по шагам'!$C$2:$C$60=$A10)*'ТРЗ по шагам'!$F$2:$F$60*'ТРЗ по шагам'!$H$2:$H$60)*F$2)*REL_YEAR+(SUMPRODUCT(('ТРЗ по шагам'!$C$2:$C$60=$A10)*'ТРЗ по шагам'!$E$2:$E$60*'ТРЗ по шагам'!$H$2:$H$60)*HF_F+SUMPRODUCT(('ТРЗ по шагам'!$C$2:$C$60=$A10)*'ТРЗ по шагам'!$F$2:$F$60*'ТРЗ по шагам'!$H$2:$H$60))*HF_YEAR)/H_FTE -> 0.026568826 | G10: =((SUMPRODUCT(('ТРЗ по шагам'!$C$2:$C$60=$A10)*'ТРЗ по шагам'!$E$2:$E$60*'ТРЗ по шагам'!$H$2:$H$60)+SUMPRODUCT(('ТРЗ по шагам'!$C$2:$C$60=$A10)*'ТРЗ по шагам'!$F$2:$F$60*'ТРЗ по шагам'!$H$2:$H$60)*G$2)*REL_YEAR+(SUMPRODUCT(('ТРЗ по шагам'!$C$2:$C$60=$A10)*'ТРЗ по шагам'!$E$2:$E$60*'ТРЗ по шагам'!$H$2:$H$60)*HF_F+SUMPRODUCT(('ТРЗ по шагам'!$C$2:$C$60=$A10)*'ТРЗ по шагам'!$F$2:$F$60*'ТРЗ по шагам'!$H$2:$H$60))*HF_YEAR)/H_FTE -> 0.026568826
A11: ИБ | B11: ИБ ГПН (AppSec, Compliance) | C11: =((SUMPRODUCT(('ТРЗ по шагам'!$C$2:$C$60=$A11)*'ТРЗ по шагам'!$E$2:$E$60*'ТРЗ по шагам'!$H$2:$H$60)+SUMPRODUCT(('ТРЗ по шагам'!$C$2:$C$60=$A11)*'ТРЗ по шагам'!$F$2:$F$60*'ТРЗ по шагам'!$H$2:$H$60)*C$2)*REL_YEAR+(SUMPRODUCT(('ТРЗ по шагам'!$C$2:$C$60=$A11)*'ТРЗ по шагам'!$E$2:$E$60*'ТРЗ по шагам'!$H$2:$H$60)*HF_F+SUMPRODUCT(('ТРЗ по шагам'!$C$2:$C$60=$A11)*'ТРЗ по шагам'!$F$2:$F$60*'ТРЗ по шагам'!$H$2:$H$60))*HF_YEAR)/H_FTE -> 0.24354757 | D11: =((SUMPRODUCT(('ТРЗ по шагам'!$C$2:$C$60=$A11)*'ТРЗ по шагам'!$E$2:$E$60*'ТРЗ по шагам'!$H$2:$H$60)+SUMPRODUCT(('ТРЗ по шагам'!$C$2:$C$60=$A11)*'ТРЗ по шагам'!$F$2:$F$60*'ТРЗ по шагам'!$H$2:$H$60)*D$2)*REL_YEAR+(SUMPRODUCT(('ТРЗ по шагам'!$C$2:$C$60=$A11)*'ТРЗ по шагам'!$E$2:$E$60*'ТРЗ по шагам'!$H$2:$H$60)*HF_F+SUMPRODUCT(('ТРЗ по шагам'!$C$2:$C$60=$A11)*'ТРЗ по шагам'!$F$2:$F$60*'ТРЗ по шагам'!$H$2:$H$60))*HF_YEAR)/H_FTE -> 0.30996964 | E11: =((SUMPRODUCT(('ТРЗ по шагам'!$C$2:$C$60=$A11)*'ТРЗ по шагам'!$E$2:$E$60*'ТРЗ по шагам'!$H$2:$H$60)+SUMPRODUCT(('ТРЗ по шагам'!$C$2:$C$60=$A11)*'ТРЗ по шагам'!$F$2:$F$60*'ТРЗ по шагам'!$H$2:$H$60)*E$2)*REL_YEAR+(SUMPRODUCT(('ТРЗ по шагам'!$C$2:$C$60=$A11)*'ТРЗ по шагам'!$E$2:$E$60*'ТРЗ по шагам'!$H$2:$H$60)*HF_F+SUMPRODUCT(('ТРЗ по шагам'!$C$2:$C$60=$A11)*'ТРЗ по шагам'!$F$2:$F$60*'ТРЗ по шагам'!$H$2:$H$60))*HF_YEAR)/H_FTE -> 0.3763917 | F11: =((SUMPRODUCT(('ТРЗ по шагам'!$C$2:$C$60=$A11)*'ТРЗ по шагам'!$E$2:$E$60*'ТРЗ по шагам'!$H$2:$H$60)+SUMPRODUCT(('ТРЗ по шагам'!$C$2:$C$60=$A11)*'ТРЗ по шагам'!$F$2:$F$60*'ТРЗ по шагам'!$H$2:$H$60)*F$2)*REL_YEAR+(SUMPRODUCT(('ТРЗ по шагам'!$C$2:$C$60=$A11)*'ТРЗ по шагам'!$E$2:$E$60*'ТРЗ по шагам'!$H$2:$H$60)*HF_F+SUMPRODUCT(('ТРЗ по шагам'!$C$2:$C$60=$A11)*'ТРЗ по шагам'!$F$2:$F$60*'ТРЗ по шагам'!$H$2:$H$60))*HF_YEAR)/H_FTE -> 0.44281377 | G11: =((SUMPRODUCT(('ТРЗ по шагам'!$C$2:$C$60=$A11)*'ТРЗ по шагам'!$E$2:$E$60*'ТРЗ по шагам'!$H$2:$H$60)+SUMPRODUCT(('ТРЗ по шагам'!$C$2:$C$60=$A11)*'ТРЗ по шагам'!$F$2:$F$60*'ТРЗ по шагам'!$H$2:$H$60)*G$2)*REL_YEAR+(SUMPRODUCT(('ТРЗ по шагам'!$C$2:$C$60=$A11)*'ТРЗ по шагам'!$E$2:$E$60*'ТРЗ по шагам'!$H$2:$H$60)*HF_F+SUMPRODUCT(('ТРЗ по шагам'!$C$2:$C$60=$A11)*'ТРЗ по шагам'!$F$2:$F$60*'ТРЗ по шагам'!$H$2:$H$60))*HF_YEAR)/H_FTE -> 0.50923583
A12: REL | B12: Релиз-инженер (сервис) | C12: =((SUMPRODUCT(('ТРЗ по шагам'!$C$2:$C$60=$A12)*'ТРЗ по шагам'!$E$2:$E$60*'ТРЗ по шагам'!$H$2:$H$60)+SUMPRODUCT(('ТРЗ по шагам'!$C$2:$C$60=$A12)*'ТРЗ по шагам'!$F$2:$F$60*'ТРЗ по шагам'!$H$2:$H$60)*C$2)*REL_YEAR+(SUMPRODUCT(('ТРЗ по шагам'!$C$2:$C$60=$A12)*'ТРЗ по шагам'!$E$2:$E$60*'ТРЗ по шагам'!$H$2:$H$60)*HF_F+SUMPRODUCT(('ТРЗ по шагам'!$C$2:$C$60=$A12)*'ТРЗ по шагам'!$F$2:$F$60*'ТРЗ по шагам'!$H$2:$H$60))*HF_YEAR)/H_FTE -> 0.045546559 | D12: =((SUMPRODUCT(('ТРЗ по шагам'!$C$2:$C$60=$A12)*'ТРЗ по шагам'!$E$2:$E$60*'ТРЗ по шагам'!$H$2:$H$60)+SUMPRODUCT(('ТРЗ по шагам'!$C$2:$C$60=$A12)*'ТРЗ по шагам'!$F$2:$F$60*'ТРЗ по шагам'!$H$2:$H$60)*D$2)*REL_YEAR+(SUMPRODUCT(('ТРЗ по шагам'!$C$2:$C$60=$A12)*'ТРЗ по шагам'!$E$2:$E$60*'ТРЗ по шагам'!$H$2:$H$60)*HF_F+SUMPRODUCT(('ТРЗ по шагам'!$C$2:$C$60=$A12)*'ТРЗ по шагам'!$F$2:$F$60*'ТРЗ по шагам'!$H$2:$H$60))*HF_YEAR)/H_FTE -> 0.055035425 | E12: =((SUMPRODUCT(('ТРЗ по шагам'!$C$2:$C$60=$A12)*'ТРЗ по шагам'!$E$2:$E$60*'ТРЗ по шагам'!$H$2:$H$60)+SUMPRODUCT(('ТРЗ по шагам'!$C$2:$C$60=$A12)*'ТРЗ по шагам'!$F$2:$F$60*'ТРЗ по шагам'!$H$2:$H$60)*E$2)*REL_YEAR+(SUMPRODUCT(('ТРЗ по шагам'!$C$2:$C$60=$A12)*'ТРЗ по шагам'!$E$2:$E$60*'ТРЗ по шагам'!$H$2:$H$60)*HF_F+SUMPRODUCT(('ТРЗ по шагам'!$C$2:$C$60=$A12)*'ТРЗ по шагам'!$F$2:$F$60*'ТРЗ по шагам'!$H$2:$H$60))*HF_YEAR)/H_FTE -> 0.064524291 | F12: =((SUMPRODUCT(('ТРЗ по шагам'!$C$2:$C$60=$A12)*'ТРЗ по шагам'!$E$2:$E$60*'ТРЗ по шагам'!$H$2:$H$60)+SUMPRODUCT(('ТРЗ по шагам'!$C$2:$C$60=$A12)*'ТРЗ по шагам'!$F$2:$F$60*'ТРЗ по шагам'!$H$2:$H$60)*F$2)*REL_YEAR+(SUMPRODUCT(('ТРЗ по шагам'!$C$2:$C$60=$A12)*'ТРЗ по шагам'!$E$2:$E$60*'ТРЗ по шагам'!$H$2:$H$60)*HF_F+SUMPRODUCT(('ТРЗ по шагам'!$C$2:$C$60=$A12)*'ТРЗ по шагам'!$F$2:$F$60*'ТРЗ по шагам'!$H$2:$H$60))*HF_YEAR)/H_FTE -> 0.074013158 | G12: =((SUMPRODUCT(('ТРЗ по шагам'!$C$2:$C$60=$A12)*'ТРЗ по шагам'!$E$2:$E$60*'ТРЗ по шагам'!$H$2:$H$60)+SUMPRODUCT(('ТРЗ по шагам'!$C$2:$C$60=$A12)*'ТРЗ по шагам'!$F$2:$F$60*'ТРЗ по шагам'!$H$2:$H$60)*G$2)*REL_YEAR+(SUMPRODUCT(('ТРЗ по шагам'!$C$2:$C$60=$A12)*'ТРЗ по шагам'!$E$2:$E$60*'ТРЗ по шагам'!$H$2:$H$60)*HF_F+SUMPRODUCT(('ТРЗ по шагам'!$C$2:$C$60=$A12)*'ТРЗ по шагам'!$F$2:$F$60*'ТРЗ по шагам'!$H$2:$H$60))*HF_YEAR)/H_FTE -> 0.083502024
A13: SVC | B13: Сервис ГПН-ЦР | C13: =((SUMPRODUCT(('ТРЗ по шагам'!$C$2:$C$60=$A13)*'ТРЗ по шагам'!$E$2:$E$60*'ТРЗ по шагам'!$H$2:$H$60)+SUMPRODUCT(('ТРЗ по шагам'!$C$2:$C$60=$A13)*'ТРЗ по шагам'!$F$2:$F$60*'ТРЗ по шагам'!$H$2:$H$60)*C$2)*REL_YEAR+(SUMPRODUCT(('ТРЗ по шагам'!$C$2:$C$60=$A13)*'ТРЗ по шагам'!$E$2:$E$60*'ТРЗ по шагам'!$H$2:$H$60)*HF_F+SUMPRODUCT(('ТРЗ по шагам'!$C$2:$C$60=$A13)*'ТРЗ по шагам'!$F$2:$F$60*'ТРЗ по шагам'!$H$2:$H$60))*HF_YEAR)/H_FTE -> 0.20748988 | D13: =((SUMPRODUCT(('ТРЗ по шагам'!$C$2:$C$60=$A13)*'ТРЗ по шагам'!$E$2:$E$60*'ТРЗ по шагам'!$H$2:$H$60)+SUMPRODUCT(('ТРЗ по шагам'!$C$2:$C$60=$A13)*'ТРЗ по шагам'!$F$2:$F$60*'ТРЗ по шагам'!$H$2:$H$60)*D$2)*REL_YEAR+(SUMPRODUCT(('ТРЗ по шагам'!$C$2:$C$60=$A13)*'ТРЗ по шагам'!$E$2:$E$60*'ТРЗ по шагам'!$H$2:$H$60)*HF_F+SUMPRODUCT(('ТРЗ по шагам'!$C$2:$C$60=$A13)*'ТРЗ по шагам'!$F$2:$F$60*'ТРЗ по шагам'!$H$2:$H$60))*HF_YEAR)/H_FTE -> 0.30237854 | E13: =((SUMPRODUCT(('ТРЗ по шагам'!$C$2:$C$60=$A13)*'ТРЗ по шагам'!$E$2:$E$60*'ТРЗ по шагам'!$H$2:$H$60)+SUMPRODUCT(('ТРЗ по шагам'!$C$2:$C$60=$A13)*'ТРЗ по шагам'!$F$2:$F$60*'ТРЗ по шагам'!$H$2:$H$60)*E$2)*REL_YEAR+(SUMPRODUCT(('ТРЗ по шагам'!$C$2:$C$60=$A13)*'ТРЗ по шагам'!$E$2:$E$60*'ТРЗ по шагам'!$H$2:$H$60)*HF_F+SUMPRODUCT(('ТРЗ по шагам'!$C$2:$C$60=$A13)*'ТРЗ по шагам'!$F$2:$F$60*'ТРЗ по шагам'!$H$2:$H$60))*HF_YEAR)/H_FTE -> 0.39726721 | F13: =((SUMPRODUCT(('ТРЗ по шагам'!$C$2:$C$60=$A13)*'ТРЗ по шагам'!$E$2:$E$60*'ТРЗ по шагам'!$H$2:$H$60)+SUMPRODUCT(('ТРЗ по шагам'!$C$2:$C$60=$A13)*'ТРЗ по шагам'!$F$2:$F$60*'ТРЗ по шагам'!$H$2:$H$60)*F$2)*REL_YEAR+(SUMPRODUCT(('ТРЗ по шагам'!$C$2:$C$60=$A13)*'ТРЗ по шагам'!$E$2:$E$60*'ТРЗ по шагам'!$H$2:$H$60)*HF_F+SUMPRODUCT(('ТРЗ по шагам'!$C$2:$C$60=$A13)*'ТРЗ по шагам'!$F$2:$F$60*'ТРЗ по шагам'!$H$2:$H$60))*HF_YEAR)/H_FTE -> 0.49215587 | G13: =((SUMPRODUCT(('ТРЗ по шагам'!$C$2:$C$60=$A13)*'ТРЗ по шагам'!$E$2:$E$60*'ТРЗ по шагам'!$H$2:$H$60)+SUMPRODUCT(('ТРЗ по шагам'!$C$2:$C$60=$A13)*'ТРЗ по шагам'!$F$2:$F$60*'ТРЗ по шагам'!$H$2:$H$60)*G$2)*REL_YEAR+(SUMPRODUCT(('ТРЗ по шагам'!$C$2:$C$60=$A13)*'ТРЗ по шагам'!$E$2:$E$60*'ТРЗ по шагам'!$H$2:$H$60)*HF_F+SUMPRODUCT(('ТРЗ по шагам'!$C$2:$C$60=$A13)*'ТРЗ по шагам'!$F$2:$F$60*'ТРЗ по шагам'!$H$2:$H$60))*HF_YEAR)/H_FTE -> 0.58704453
A14: АБД | B14: Администратор БД | C14: =((SUMPRODUCT(('ТРЗ по шагам'!$C$2:$C$60=$A14)*'ТРЗ по шагам'!$E$2:$E$60*'ТРЗ по шагам'!$H$2:$H$60)+SUMPRODUCT(('ТРЗ по шагам'!$C$2:$C$60=$A14)*'ТРЗ по шагам'!$F$2:$F$60*'ТРЗ по шагам'!$H$2:$H$60)*C$2)*REL_YEAR+(SUMPRODUCT(('ТРЗ по шагам'!$C$2:$C$60=$A14)*'ТРЗ по шагам'!$E$2:$E$60*'ТРЗ по шагам'!$H$2:$H$60)*HF_F+SUMPRODUCT(('ТРЗ по шагам'!$C$2:$C$60=$A14)*'ТРЗ по шагам'!$F$2:$F$60*'ТРЗ по шагам'!$H$2:$H$60))*HF_YEAR)/H_FTE -> 0.065789474 | D14: =((SUMPRODUCT(('ТРЗ по шагам'!$C$2:$C$60=$A14)*'ТРЗ по шагам'!$E$2:$E$60*'ТРЗ по шагам'!$H$2:$H$60)+SUMPRODUCT(('ТРЗ по шагам'!$C$2:$C$60=$A14)*'ТРЗ по шагам'!$F$2:$F$60*'ТРЗ по шагам'!$H$2:$H$60)*D$2)*REL_YEAR+(SUMPRODUCT(('ТРЗ по шагам'!$C$2:$C$60=$A14)*'ТРЗ по шагам'!$E$2:$E$60*'ТРЗ по шагам'!$H$2:$H$60)*HF_F+SUMPRODUCT(('ТРЗ по шагам'!$C$2:$C$60=$A14)*'ТРЗ по шагам'!$F$2:$F$60*'ТРЗ по шагам'!$H$2:$H$60))*HF_YEAR)/H_FTE -> 0.094256073 | E14: =((SUMPRODUCT(('ТРЗ по шагам'!$C$2:$C$60=$A14)*'ТРЗ по шагам'!$E$2:$E$60*'ТРЗ по шагам'!$H$2:$H$60)+SUMPRODUCT(('ТРЗ по шагам'!$C$2:$C$60=$A14)*'ТРЗ по шагам'!$F$2:$F$60*'ТРЗ по шагам'!$H$2:$H$60)*E$2)*REL_YEAR+(SUMPRODUCT(('ТРЗ по шагам'!$C$2:$C$60=$A14)*'ТРЗ по шагам'!$E$2:$E$60*'ТРЗ по шагам'!$H$2:$H$60)*HF_F+SUMPRODUCT(('ТРЗ по шагам'!$C$2:$C$60=$A14)*'ТРЗ по шагам'!$F$2:$F$60*'ТРЗ по шагам'!$H$2:$H$60))*HF_YEAR)/H_FTE -> 0.12272267 | F14: =((SUMPRODUCT(('ТРЗ по шагам'!$C$2:$C$60=$A14)*'ТРЗ по шагам'!$E$2:$E$60*'ТРЗ по шагам'!$H$2:$H$60)+SUMPRODUCT(('ТРЗ по шагам'!$C$2:$C$60=$A14)*'ТРЗ по шагам'!$F$2:$F$60*'ТРЗ по шагам'!$H$2:$H$60)*F$2)*REL_YEAR+(SUMPRODUCT(('ТРЗ по шагам'!$C$2:$C$60=$A14)*'ТРЗ по шагам'!$E$2:$E$60*'ТРЗ по шагам'!$H$2:$H$60)*HF_F+SUMPRODUCT(('ТРЗ по шагам'!$C$2:$C$60=$A14)*'ТРЗ по шагам'!$F$2:$F$60*'ТРЗ по шагам'!$H$2:$H$60))*HF_YEAR)/H_FTE -> 0.15118927 | G14: =((SUMPRODUCT(('ТРЗ по шагам'!$C$2:$C$60=$A14)*'ТРЗ по шагам'!$E$2:$E$60*'ТРЗ по шагам'!$H$2:$H$60)+SUMPRODUCT(('ТРЗ по шагам'!$C$2:$C$60=$A14)*'ТРЗ по шагам'!$F$2:$F$60*'ТРЗ по шагам'!$H$2:$H$60)*G$2)*REL_YEAR+(SUMPRODUCT(('ТРЗ по шагам'!$C$2:$C$60=$A14)*'ТРЗ по шагам'!$E$2:$E$60*'ТРЗ по шагам'!$H$2:$H$60)*HF_F+SUMPRODUCT(('ТРЗ по шагам'!$C$2:$C$60=$A14)*'ТРЗ по шагам'!$F$2:$F$60*'ТРЗ по шагам'!$H$2:$H$60))*HF_YEAR)/H_FTE -> 0.17965587
A15: АБР | B15: Администратор брокеров | C15: =((SUMPRODUCT(('ТРЗ по шагам'!$C$2:$C$60=$A15)*'ТРЗ по шагам'!$E$2:$E$60*'ТРЗ по шагам'!$H$2:$H$60)+SUMPRODUCT(('ТРЗ по шагам'!$C$2:$C$60=$A15)*'ТРЗ по шагам'!$F$2:$F$60*'ТРЗ по шагам'!$H$2:$H$60)*C$2)*REL_YEAR+(SUMPRODUCT(('ТРЗ по шагам'!$C$2:$C$60=$A15)*'ТРЗ по шагам'!$E$2:$E$60*'ТРЗ по шагам'!$H$2:$H$60)*HF_F+SUMPRODUCT(('ТРЗ по шагам'!$C$2:$C$60=$A15)*'ТРЗ по шагам'!$F$2:$F$60*'ТРЗ по шагам'!$H$2:$H$60))*HF_YEAR)/H_FTE -> 0.065789474 | D15: =((SUMPRODUCT(('ТРЗ по шагам'!$C$2:$C$60=$A15)*'ТРЗ по шагам'!$E$2:$E$60*'ТРЗ по шагам'!$H$2:$H$60)+SUMPRODUCT(('ТРЗ по шагам'!$C$2:$C$60=$A15)*'ТРЗ по шагам'!$F$2:$F$60*'ТРЗ по шагам'!$H$2:$H$60)*D$2)*REL_YEAR+(SUMPRODUCT(('ТРЗ по шагам'!$C$2:$C$60=$A15)*'ТРЗ по шагам'!$E$2:$E$60*'ТРЗ по шагам'!$H$2:$H$60)*HF_F+SUMPRODUCT(('ТРЗ по шагам'!$C$2:$C$60=$A15)*'ТРЗ по шагам'!$F$2:$F$60*'ТРЗ по шагам'!$H$2:$H$60))*HF_YEAR)/H_FTE -> 0.094256073 | E15: =((SUMPRODUCT(('ТРЗ по шагам'!$C$2:$C$60=$A15)*'ТРЗ по шагам'!$E$2:$E$60*'ТРЗ по шагам'!$H$2:$H$60)+SUMPRODUCT(('ТРЗ по шагам'!$C$2:$C$60=$A15)*'ТРЗ по шагам'!$F$2:$F$60*'ТРЗ по шагам'!$H$2:$H$60)*E$2)*REL_YEAR+(SUMPRODUCT(('ТРЗ по шагам'!$C$2:$C$60=$A15)*'ТРЗ по шагам'!$E$2:$E$60*'ТРЗ по шагам'!$H$2:$H$60)*HF_F+SUMPRODUCT(('ТРЗ по шагам'!$C$2:$C$60=$A15)*'ТРЗ по шагам'!$F$2:$F$60*'ТРЗ по шагам'!$H$2:$H$60))*HF_YEAR)/H_FTE -> 0.12272267 | F15: =((SUMPRODUCT(('ТРЗ по шагам'!$C$2:$C$60=$A15)*'ТРЗ по шагам'!$E$2:$E$60*'ТРЗ по шагам'!$H$2:$H$60)+SUMPRODUCT(('ТРЗ по шагам'!$C$2:$C$60=$A15)*'ТРЗ по шагам'!$F$2:$F$60*'ТРЗ по шагам'!$H$2:$H$60)*F$2)*REL_YEAR+(SUMPRODUCT(('ТРЗ по шагам'!$C$2:$C$60=$A15)*'ТРЗ по шагам'!$E$2:$E$60*'ТРЗ по шагам'!$H$2:$H$60)*HF_F+SUMPRODUCT(('ТРЗ по шагам'!$C$2:$C$60=$A15)*'ТРЗ по шагам'!$F$2:$F$60*'ТРЗ по шагам'!$H$2:$H$60))*HF_YEAR)/H_FTE -> 0.15118927 | G15: =((SUMPRODUCT(('ТРЗ по шагам'!$C$2:$C$60=$A15)*'ТРЗ по шагам'!$E$2:$E$60*'ТРЗ по шагам'!$H$2:$H$60)+SUMPRODUCT(('ТРЗ по шагам'!$C$2:$C$60=$A15)*'ТРЗ по шагам'!$F$2:$F$60*'ТРЗ по шагам'!$H$2:$H$60)*G$2)*REL_YEAR+(SUMPRODUCT(('ТРЗ по шагам'!$C$2:$C$60=$A15)*'ТРЗ по шагам'!$E$2:$E$60*'ТРЗ по шагам'!$H$2:$H$60)*HF_F+SUMPRODUCT(('ТРЗ по шагам'!$C$2:$C$60=$A15)*'ТРЗ по шагам'!$F$2:$F$60*'ТРЗ по шагам'!$H$2:$H$60))*HF_YEAR)/H_FTE -> 0.17965587
B16: Итого FTE по ТРЗ | C16: =SUM(C3:C15) -> 3.3036437 | D16: =SUM(D3:D15) -> 5.1387905 | E16: =SUM(E3:E15) -> 6.9739372 | F16: =SUM(F3:F15) -> 8.809084 | G16: =SUM(G3:G15) -> 10.644231
B17: Сейчас (1 FTE × число ролей) | C17: =13*1 -> 13 | D17: =13*1 -> 13 | E17: =13*1 -> 13 | F17: =13*1 -> 13 | G17: =13*1 -> 13

Sheet Методика
A1: Методика расчёта ТРЗ и FTE по ролям релизного цикла
A3: 1. Единица учёта — шаг релизного цикла (см. реестр шагов процесса). Каждый шаг — задача Jira с оценкой и списанием времени; сумма ТРЗ задач шагов по роли = ТРЗ роли в релизе.
A4: 2. Часы на шаг: H = (F + S × N) × k, где F — фиксированная часть на релиз, S — часть на каждый сервис, N — число сервисов, k — вероятность шага (ПСИ, ПТЗ — не в каждом релизе).
A5: 3. Hotfix идёт тем же процессом: H_hotfix = (F × доля_фикс + S × 1) × k; в год — HF_YEAR штук.
A6: 4. FTE роли = ТРЗ роли за год / (рабочие часы года × плановая загрузка). Плановая загрузка 80 % — норма из «Менеджмента команд».
A7: 5. Сейчас каждая роль списывается на проект на 1 FTE. Разница «сейчас − по ТРЗ» показывает, сколько ёмкости роли можно вернуть в продукт (или, если < 0, где ТРЗ не покрыто списанием).
A8: 6. Экономика: стоимость ТРЗ = часы × ставка роли; стоимость текущего списания = 1 FTE × часы года × ставка. Ставки вводятся пользователем.
A9: 7. Часы F и S — стартовые экспертные допущения. После 1–2 релизов заменить фактом: ТРЗ шага = Σ списаний по задачам шага (Jira), F и S получить регрессией по числу сервисов.
A10: 8. Источник факта: задачи шагов Релизного Epic (оценка и списание времени). До внедрения списания (этап 3 дорожной карты менеджмента) — оценка задач шагов.
